slide_id,process,status,seg_level,sthresh,mthresh,close,use_otsu,keep_ids,exclude_ids,a_t,a_h,max_n_holes,vis_level,line_thickness,use_padding,contour_fn
SR1482_40X_HE_T002_01.czi,1,processed,6,130,9,4,False,none,none,10.0,5.0,24,6,200,True,four_pt
SR1482_40X_HE_T003_01.czi,1,processed,6,130,9,4,False,none,none,10.0,5.0,24,6,200,True,four_pt
SR1482_40X_HE_T004_01.czi,1,processed,6,130,9,4,False,none,none,10.0,5.0,24,6,200,True,four_pt
SR1482_40X_HE_T004_02.czi,1,processed,6,135,9,4,False,none,none,10.0,5.0,24,6,200,True,four_pt
SR1482_40X_HE_T005_01.czi,1,processed,6,128,9,4,False,none,none,10.0,5.0,24,6,200,True,four_pt
SR1482_40X_HE_T005_02.czi,1,processed,6,130,9,4,False,none,none,10.0,5.0,24,6,200,True,four_pt
SR1482_40X_HE_T007_01.czi,1,processed,6,130,9,4,False,none,none,10.0,5.0,24,6,200,True,four_pt
SR1482_40X_HE_T008_01.czi,1,processed,6,130,9,4,False,none,none,10.0,5.0,24,6,200,True,four_pt
SR1482_40X_HE_T009_01.czi,1,processed,6,130,9,4,False,none,none,10.0,5.0,24,6,200,True,four_pt
SR1482_40X_HE_T009_02.czi,1,processed,6,130,9,4,False,none,none,10.0,5.0,24,6,200,True,four_pt
SR1482_40X_HE_T010_01.czi,1,processed,6,134,5,4,False,none,none,10.0,5.0,24,6,200,True,four_pt
SR1482_40X_HE_T011_01.czi,1,processed,6,130,9,4,False,none,none,10.0,5.0,24,6,200,True,four_pt
SR1482_40X_HE_T012_01.czi,1,processed,6,126,9,4,False,none,none,10.0,5.0,24,6,200,True,four_pt
SR1482_40X_HE_T013_01.czi,1,processed,6,135,9,4,False,none,none,10.0,5.0,24,6,200,True,four_pt
SR1482_40X_HE_T014_01.czi,1,processed,6,130,9,4,False,none,none,10.0,5.0,24,6,200,True,four_pt
SR1482_40X_HE_T015_01.czi,1,processed,6,135,9,4,False,none,none,10.0,5.0,24,6,200,True,four_pt
SR1482_40X_HE_T016_01.czi,1,processed,6,130,9,4,False,none,none,10.0,5.0,24,6,200,True,four_pt
SR1482_40X_HE_T016_02.czi,1,processed,6,130,9,4,False,none,none,10.0,5.0,24,6,200,True,four_pt
SR1482_40X_HE_T017_01.czi,1,processed,6,135,9,4,False,none,none,10.0,5.0,24,6,200,True,four_pt
SR1482_40X_HE_T017_02.czi,1,processed,6,135,9,4,False,none,none,10.0,5.0,24,6,200,True,four_pt
SR1482_40X_HE_T018_01.czi,1,processed,6,135,9,4,False,none,none,10.0,5.0,24,6,200,True,four_pt
SR1482_40X_HE_T019_01.czi,1,processed,6,130,9,4,False,none,none,10.0,5.0,24,6,200,True,four_pt
SR1482_40X_HE_T020_01.czi,1,processed,6,130,9,4,False,none,none,10.0,5.0,24,6,200,True,four_pt
SR1482_40X_HE_T021_01.czi,1,processed,6,130,9,4,False,none,none,10.0,5.0,24,6,200,True,four_pt
SR1482_40X_HE_T022_01.czi,1,processed,6,130,9,4,False,none,none,10.0,5.0,24,6,200,True,four_pt
SR1482_40X_HE_T023_01.czi,1,processed,6,130,9,4,False,none,none,10.0,5.0,24,6,200,True,four_pt
SR1482_40X_HE_T024_01.czi,1,processed,6,128,9,4,False,none,none,10.0,5.0,24,6,200,True,four_pt
SR1482_40X_HE_T024_02.czi,1,processed,6,130,9,4,False,none,none,10.0,5.0,24,6,200,True,four_pt
SR1482_40X_HE_T025_01.czi,1,processed,6,135,9,4,False,none,none,10.0,5.0,24,6,200,True,four_pt
SR1482_40X_HE_T025_02.czi,1,processed,6,135,9,4,False,none,none,10.0,5.0,24,6,200,True,four_pt
SR1482_40X_HE_T026_01.czi,1,processed,6,135,9,4,False,none,none,10.0,5.0,24,6,200,True,four_pt
SR1482_40X_HE_T026_02.czi,1,processed,6,135,9,4,False,none,none,10.0,5.0,24,6,200,True,four_pt
SR1482_40X_HE_T027_01.czi,1,processed,6,135,9,4,False,none,none,10.0,5.0,24,6,200,True,four_pt
SR1482_40X_HE_T029_01.czi,1,processed,6,130,9,4,False,none,none,10.0,5.0,24,6,200,True,four_pt
SR1482_40X_HE_T029_02.czi,1,processed,6,135,9,4,False,none,none,10.0,5.0,24,6,200,True,four_pt
SR1482_40X_HE_T030_01.czi,1,processed,6,130,9,4,False,none,none,10.0,5.0,24,6,200,True,four_pt
SR1482_40X_HE_T031_01.czi,1,processed,6,135,9,4,False,none,none,10.0,5.0,24,6,200,True,four_pt
SR1482_40X_HE_T032_01.czi,1,processed,6,135,9,4,False,none,none,10.0,5.0,24,6,200,True,four_pt
SR1482_40X_HE_T033_01.czi,1,processed,6,130,9,4,False,none,none,10.0,5.0,24,6,200,True,four_pt
SR1482_40X_HE_T034_01.czi,1,processed,6,130,9,4,False,none,none,10.0,5.0,24,6,200,True,four_pt
SR1482_40X_HE_T035_01.czi,1,processed,6,130,9,4,False,none,none,10.0,5.0,24,6,200,True,four_pt
SR1482_40X_HE_T036_01.czi,1,processed,6,126,9,4,False,none,none,10.0,5.0,24,6,200,True,four_pt
SR1482_40X_HE_T036_02.czi,1,processed,6,135,9,4,False,none,none,10.0,5.0,24,6,200,True,four_pt
SR1482_40X_HE_T037_01.czi,1,processed,6,130,9,4,False,none,none,10.0,5.0,24,6,200,True,four_pt
SR1482_40X_HE_T037_02.czi,1,processed,6,130,9,4,False,none,none,10.0,5.0,24,6,200,True,four_pt
SR1482_40X_HE_T038_01.czi,1,processed,6,135,9,4,False,none,none,10.0,5.0,24,6,200,True,four_pt
SR1482_40X_HE_T039_01.czi,1,processed,6,135,9,4,False,none,none,10.0,5.0,24,6,200,True,four_pt
SR1482_40X_HE_T040_01.czi,1,processed,6,135,9,4,False,none,none,10.0,5.0,24,6,200,True,four_pt
SR1482_40X_HE_T040_02.czi,1,processed,6,135,9,4,False,none,none,10.0,5.0,24,6,200,True,four_pt
SR1482_40X_HE_T041_01.czi,1,processed,6,130,9,4,False,none,none,10.0,5.0,24,6,200,True,four_pt
SR1482_40X_HE_T042_01.czi,1,processed,6,130,9,4,False,none,none,10.0,5.0,24,6,200,True,four_pt
SR1482_40X_HE_T043_01.czi,1,processed,6,130,9,4,False,none,none,10.0,5.0,24,6,200,True,four_pt
SR1482_40X_HE_T043_02.czi,1,processed,6,130,9,4,False,none,none,10.0,5.0,24,6,200,True,four_pt
SR1482_40X_HE_T044_01.czi,1,processed,6,130,9,4,False,none,none,10.0,5.0,24,6,200,True,four_pt
SR1482_40X_HE_T044_02.czi,1,processed,6,135,9,4,False,none,none,10.0,5.0,24,6,200,True,four_pt
SR1482_40X_HE_T045_01.czi,1,processed,6,134,9,4,False,none,none,10.0,5.0,24,6,200,True,four_pt
SR1482_40X_HE_T045_02.czi,1,processed,6,132,9,4,False,none,none,10.0,5.0,24,6,200,True,four_pt
SR1482_40X_HE_T046_01.czi,1,processed,6,130,9,4,False,none,none,10.0,5.0,24,6,200,True,four_pt
SR1482_40X_HE_T048_01.czi,1,processed,6,135,9,4,False,none,none,10.0,5.0,24,6,200,True,four_pt
SR1482_40X_HE_T048_02.czi,1,processed,6,135,9,4,False,none,none,10.0,5.0,24,6,200,True,four_pt
SR1482_40X_HE_T049_01.czi,1,processed,6,136,9,4,False,none,none,10.0,5.0,24,6,200,True,four_pt
SR1482_40X_HE_T050_01.czi,1,processed,6,135,9,4,False,none,none,10.0,5.0,24,6,200,True,four_pt
SR1482_40X_HE_T051_01.czi,1,processed,6,135,9,4,False,none,none,10.0,5.0,24,6,200,True,four_pt
SR1482_40X_HE_T052_01.czi,1,processed,6,130,9,4,False,none,none,10.0,5.0,24,6,200,True,four_pt
SR1482_40X_HE_T052_02.czi,1,processed,6,130,9,4,False,none,none,10.0,5.0,24,6,200,True,four_pt
SR1482_40X_HE_T053_01.czi,1,processed,6,135,9,4,False,none,none,10.0,5.0,24,6,200,True,four_pt
SR1482_40X_HE_T053_02.czi,1,processed,6,135,9,4,False,none,none,10.0,5.0,24,6,200,True,four_pt
SR1482_40X_HE_T055_01.czi,1,processed,6,135,9,4,False,none,none,10.0,5.0,24,6,200,True,four_pt
SR1482_40X_HE_T055_02.czi,1,processed,6,139,9,4,False,none,none,10.0,5.0,24,6,200,True,four_pt
SR1482_40X_HE_T056_01.czi,1,processed,6,130,9,4,False,none,none,10.0,5.0,24,6,200,True,four_pt
SR1482_40X_HE_T057_01.czi,1,processed,6,135,9,4,False,none,none,10.0,5.0,24,6,200,True,four_pt
SR1482_40X_HE_T058_01.czi,1,processed,6,135,9,4,False,none,none,10.0,5.0,24,6,200,True,four_pt
SR1482_40X_HE_T058_02.czi,1,processed,6,135,9,4,False,none,none,10.0,5.0,24,6,200,True,four_pt
SR1482_40X_HE_T059_01.czi,1,processed,6,124,9,4,False,none,none,10.0,5.0,24,6,200,True,four_pt
SR1482_40X_HE_T060_01.czi,1,processed,6,130,9,4,False,none,none,10.0,5.0,24,6,200,True,four_pt
SR1482_40X_HE_T061_01.czi,1,processed,6,130,9,4,False,none,none,10.0,5.0,24,6,200,True,four_pt
SR1482_40X_HE_T061_02.czi,1,processed,6,130,9,4,False,none,none,10.0,5.0,24,6,200,True,four_pt
SR1482_40X_HE_T062_01.czi,1,processed,6,130,9,4,False,none,none,10.0,5.0,24,6,200,True,four_pt
SR1482_40X_HE_T062_02.czi,1,processed,6,130,9,4,False,none,none,10.0,5.0,24,6,200,True,four_pt
SR1482_40X_HE_T063_01.czi,1,processed,6,130,9,4,False,none,none,10.0,5.0,24,6,200,True,four_pt
SR1482_40X_HE_T063_02.czi,1,processed,6,130,9,4,False,none,none,10.0,5.0,24,6,200,True,four_pt
SR1482_40X_HE_T064_01.czi,1,processed,6,130,9,4,False,none,none,10.0,5.0,24,6,200,True,four_pt
SR1482_40X_HE_T064_02.czi,1,processed,6,130,9,4,False,none,none,10.0,5.0,24,6,200,True,four_pt
SR1482_40X_HE_T065_01.czi,1,processed,6,130,9,4,False,none,none,10.0,5.0,24,6,200,True,four_pt
SR1482_40X_HE_T065_02.czi,1,processed,6,130,9,4,False,none,none,10.0,5.0,24,6,200,True,four_pt
SR1482_40X_HE_T066_01.czi,1,processed,6,130,9,4,False,none,none,10.0,5.0,24,6,200,True,four_pt
SR1482_40X_HE_T066_02.czi,1,processed,6,130,9,4,False,none,none,10.0,5.0,24,6,200,True,four_pt
SR1482_40X_HE_T067_01.czi,1,processed,6,135,9,4,False,none,none,10.0,5.0,24,6,200,True,four_pt
SR1482_40X_HE_T068_01.czi,1,processed,6,130,9,4,False,none,none,10.0,5.0,24,6,200,True,four_pt
SR1482_40X_HE_T069_01.czi,1,processed,6,130,9,4,False,none,none,10.0,5.0,24,6,200,True,four_pt
SR1482_40X_HE_T069_02.czi,1,processed,6,130,9,4,False,none,none,10.0,5.0,24,6,200,True,four_pt
SR1482_40X_HE_T070_01.czi,1,processed,6,130,9,4,False,none,none,10.0,5.0,24,6,200,True,four_pt
SR1482_40X_HE_T071_01.czi,1,processed,6,130,9,4,False,none,none,10.0,5.0,24,6,200,True,four_pt
SR1482_40X_HE_T071_02.czi,1,processed,6,130,9,4,False,none,none,10.0,5.0,24,6,200,True,four_pt
SR1482_40X_HE_T072_01.czi,1,processed,6,130,9,4,False,none,none,10.0,5.0,24,6,200,True,four_pt
SR1482_40X_HE_T073_01.czi,1,processed,6,130,9,4,False,none,none,10.0,5.0,24,6,200,True,four_pt
SR1482_40X_HE_T074_01.czi,1,processed,6,130,9,4,False,none,none,10.0,5.0,24,6,200,True,four_pt
SR1482_40X_HE_T074_02.czi,1,processed,6,130,9,4,False,none,none,10.0,5.0,24,6,200,True,four_pt
SR1482_40X_HE_T075_01.czi,1,processed,6,128,9,4,False,none,none,10.0,5.0,24,6,200,True,four_pt
SR1482_40X_HE_T075_02.czi,1,processed,6,128,9,4,False,none,none,10.0,5.0,24,6,200,True,four_pt
SR1482_40X_HE_T076_01.czi,1,processed,6,130,9,4,False,none,none,10.0,5.0,24,6,200,True,four_pt
SR1482_40X_HE_T076_02.czi,1,processed,6,130,9,4,False,none,none,10.0,5.0,24,6,200,True,four_pt
SR1482_40X_HE_T077_01.czi,1,processed,6,130,9,4,False,none,none,10.0,5.0,24,6,200,True,four_pt
SR1482_40X_HE_T078_01.czi,1,processed,6,135,9,4,False,none,none,10.0,5.0,24,6,200,True,four_pt
SR1482_40X_HE_T079_01.czi,1,processed,6,130,9,4,False,none,none,10.0,5.0,24,6,200,True,four_pt
SR1482_40X_HE_T079_02.czi,1,processed,6,130,9,4,False,none,none,10.0,5.0,24,6,200,True,four_pt
SR1482_40X_HE_T080_01.czi,1,processed,6,130,9,4,False,none,none,10.0,5.0,24,6,200,True,four_pt
SR1482_40X_HE_T080_02.czi,1,processed,6,130,9,4,False,none,none,10.0,5.0,24,6,200,True,four_pt
SR1482_40X_HE_T081_01.czi,1,processed,6,135,9,4,False,none,none,10.0,5.0,24,6,200,True,four_pt
SR1482_40X_HE_T081_02.czi,1,processed,6,135,9,4,False,none,none,10.0,5.0,24,6,200,True,four_pt
SR1482_40X_HE_T082_01.czi,1,processed,6,130,9,4,False,none,none,10.0,5.0,24,6,200,True,four_pt
SR1482_40X_HE_T082_02.czi,1,processed,6,130,9,4,False,none,none,10.0,5.0,24,6,200,True,four_pt
SR1482_40X_HE_T083_01.czi,1,processed,6,135,9,4,False,none,none,10.0,5.0,24,6,200,True,four_pt
SR1482_40X_HE_T083_02.czi,1,processed,6,135,9,4,False,none,none,10.0,5.0,24,6,200,True,four_pt
SR1482_40X_HE_T084_01.czi,1,processed,6,135,9,4,False,none,none,10.0,5.0,24,6,200,True,four_pt
SR1482_40X_HE_T084_02.czi,1,processed,6,135,9,4,False,none,none,10.0,5.0,24,6,200,True,four_pt
SR1482_40X_HE_T085_01.czi,1,processed,6,135,9,4,False,none,none,10.0,5.0,24,6,200,True,four_pt
SR1482_40X_HE_T086_01.czi,1,processed,6,130,9,4,False,none,none,10.0,5.0,24,6,200,True,four_pt
SR1482_40X_HE_T086_02.czi,1,processed,6,135,9,4,False,none,none,10.0,5.0,24,6,200,True,four_pt
SR1482_40X_HE_T087_01.czi,1,processed,6,130,9,4,False,none,none,10.0,5.0,24,6,200,True,four_pt
SR1482_40X_HE_T088_01.czi,1,processed,6,135,9,4,False,none,none,10.0,5.0,24,6,200,True,four_pt
SR1482_40X_HE_T089_01.czi,1,processed,6,130,9,4,False,none,none,10.0,5.0,24,6,200,True,four_pt
SR1482_40X_HE_T090_01.czi,1,processed,6,135,9,4,False,none,none,10.0,5.0,24,6,200,True,four_pt
SR1482_40X_HE_T091_01.czi,1,processed,6,135,9,4,False,none,none,10.0,5.0,24,6,200,True,four_pt
SR1482_40X_HE_T092_01.czi,1,processed,6,135,9,4,False,none,none,10.0,5.0,24,6,200,True,four_pt
SR1482_40X_HE_T093_01.czi,1,processed,6,135,9,4,False,none,none,10.0,5.0,24,6,200,True,four_pt
SR1482_40X_HE_T094_01.czi,1,processed,6,130,9,4,False,none,none,10.0,5.0,24,6,200,True,four_pt
SR1482_40X_HE_T094_02.czi,1,processed,6,130,9,4,False,none,none,10.0,5.0,24,6,200,True,four_pt
SR1482_40X_HE_T095_01.czi,1,processed,6,135,9,4,False,none,none,10.0,5.0,24,6,200,True,four_pt
SR1482_40X_HE_T095_02.czi,1,processed,6,135,9,4,False,none,none,10.0,5.0,24,6,200,True,four_pt
SR1482_40X_HE_T096_01.czi,1,processed,6,135,9,4,False,none,none,10.0,5.0,24,6,200,True,four_pt
SR1482_40X_HE_T097_01.czi,1,processed,6,130,9,4,False,none,none,10.0,5.0,24,6,200,True,four_pt
SR1482_40X_HE_T097_02.czi,1,processed,6,130,9,4,False,none,none,10.0,5.0,24,6,200,True,four_pt
SR1482_40X_HE_T098_01.czi,1,processed,6,135,9,4,False,none,none,10.0,5.0,24,6,200,True,four_pt
SR1482_40X_HE_T098_02.czi,1,processed,6,130,9,4,False,none,none,10.0,5.0,24,6,200,True,four_pt
SR1482_40X_HE_T099_01.czi,1,processed,6,130,9,4,False,none,none,10.0,5.0,24,6,200,True,four_pt
SR1482_40X_HE_T100_01.czi,1,processed,6,130,9,4,False,none,none,10.0,5.0,24,6,200,True,four_pt
SR1482_40X_HE_T100_02.czi,1,processed,6,135,9,4,False,none,none,10.0,5.0,24,6,200,True,four_pt
SR1482_40X_HE_T101_01.czi,1,processed,6,135,9,4,False,none,none,10.0,5.0,24,6,200,True,four_pt
SR1482_40X_HE_T101_02.czi,1,processed,6,135,9,4,False,none,none,10.0,5.0,24,6,200,True,four_pt
SR1482_40X_HE_T102_01.czi,1,processed,6,130,9,4,False,none,none,10.0,5.0,24,6,200,True,four_pt
SR1482_40X_HE_T103_01.czi,1,processed,6,135,9,4,False,none,none,10.0,5.0,24,6,200,True,four_pt
SR1482_40X_HE_T104_01.czi,1,processed,6,135,9,4,False,none,none,10.0,5.0,24,6,200,True,four_pt
SR1482_40X_HE_T104_02.czi,1,processed,6,135,9,4,False,none,none,10.0,5.0,24,6,200,True,four_pt
SR1482_40X_HE_T105_01.czi,1,processed,6,130,9,4,False,none,none,10.0,5.0,24,6,200,True,four_pt
SR1482_40X_HE_T106_01.czi,1,processed,6,135,9,4,False,none,none,10.0,5.0,24,6,200,True,four_pt
SR1482_40X_HE_T107_01.czi,1,processed,6,130,9,4,False,none,none,10.0,5.0,24,6,200,True,four_pt
SR1482_40X_HE_T108_01.czi,1,processed,6,135,9,4,False,none,none,10.0,5.0,24,6,200,True,four_pt
SR1482_40X_HE_T109_01.czi,1,processed,6,130,9,4,False,none,none,10.0,5.0,24,6,200,True,four_pt
SR1482_40X_HE_T110_01.czi,1,processed,6,135,9,4,False,none,none,10.0,5.0,24,6,200,True,four_pt
SR1482_40X_HE_T111_01.czi,1,processed,6,130,9,4,False,none,none,10.0,5.0,24,6,200,True,four_pt
SR1482_40X_HE_T112_01.czi,1,processed,6,130,9,4,False,none,none,10.0,5.0,24,6,200,True,four_pt
SR1482_40X_HE_T113_01.czi,1,processed,6,130,9,4,False,none,none,10.0,5.0,24,6,200,True,four_pt
SR1482_40X_HE_T113_02.czi,1,processed,6,130,9,4,False,none,none,10.0,5.0,24,6,200,True,four_pt
SR1482_40X_HE_T114_01.czi,1,processed,6,130,9,4,False,none,none,10.0,5.0,24,6,200,True,four_pt
SR1482_40X_HE_T115_01.czi,1,processed,6,130,9,4,False,none,none,10.0,5.0,24,6,200,True,four_pt
SR1482_40X_HE_T115_02.czi,1,processed,6,130,9,4,False,none,none,10.0,5.0,24,6,200,True,four_pt
SR1482_40X_HE_T116_01.czi,1,processed,6,130,9,4,False,none,none,10.0,5.0,24,6,200,True,four_pt
SR1482_40X_HE_T117_01.czi,1,processed,6,130,9,4,False,none,none,10.0,5.0,24,6,200,True,four_pt
SR1482_40X_HE_T117_02.czi,1,processed,6,130,9,4,False,none,none,10.0,5.0,24,6,200,True,four_pt
SR1482_40X_HE_T118_01.czi,1,processed,6,135,9,4,False,none,none,10.0,5.0,24,6,200,True,four_pt
SR1482_40X_HE_T118_02.czi,1,processed,6,135,9,4,False,none,none,10.0,5.0,24,6,200,True,four_pt
SR1482_40X_HE_T119_01.czi,1,processed,6,135,9,4,False,none,none,10.0,5.0,24,6,200,True,four_pt
SR1482_40X_HE_T120_01.czi,1,processed,6,135,9,4,False,none,none,10.0,5.0,24,6,200,True,four_pt
SR1482_40X_HE_T120_02.czi,1,processed,6,135,9,4,False,none,none,10.0,5.0,24,6,200,True,four_pt
SR1482_40X_HE_T121_01.czi,1,processed,6,130,9,4,False,none,none,10.0,5.0,24,6,200,True,four_pt
SR1482_40X_HE_T122_01.czi,1,processed,6,118,9,4,False,none,none,10.0,5.0,24,6,200,True,four_pt
SR1482_40X_HE_T123_01.czi,1,processed,6,130,9,4,False,none,none,10.0,5.0,24,6,200,True,four_pt
SR1482_40X_HE_T124_01.czi,1,processed,6,130,9,4,False,none,none,10.0,5.0,24,6,200,True,four_pt
SR1482_40X_HE_T124_02.czi,1,processed,6,130,9,4,False,none,none,10.0,5.0,24,6,200,True,four_pt
SR1482_40X_HE_T125_01.czi,1,processed,6,128,9,4,False,none,none,10.0,5.0,24,6,200,True,four_pt
SR1482_40X_HE_T125_02.czi,1,processed,6,132,9,4,False,none,none,10.0,5.0,24,6,200,True,four_pt
SR1482_40X_HE_T126_01.czi,1,processed,6,130,9,4,False,none,none,10.0,5.0,24,6,200,True,four_pt
SR1482_40X_HE_T128_01.czi,1,processed,6,135,9,4,False,none,none,10.0,5.0,24,6,200,True,four_pt
SR1482_40X_HE_T128_02.czi,1,processed,6,135,9,4,False,none,none,10.0,5.0,24,6,200,True,four_pt
SR1482_40X_HE_T129_01.czi,1,processed,6,128,9,4,False,none,none,10.0,5.0,24,6,200,True,four_pt
SR1482_40X_HE_T129_02.czi,1,processed,6,130,9,4,False,none,none,10.0,5.0,24,6,200,True,four_pt
SR1482_40X_HE_T130_01.czi,1,processed,6,130,9,4,False,none,none,10.0,5.0,24,6,200,True,four_pt
SR1482_40X_HE_T131_01.czi,1,processed,6,135,9,4,False,none,none,10.0,5.0,24,6,200,True,four_pt
SR1482_40X_HE_T131_02.czi,1,processed,6,130,9,4,False,none,none,10.0,5.0,24,6,200,True,four_pt
SR1482_40X_HE_T132_01.czi,1,processed,6,130,9,4,False,none,none,10.0,5.0,24,6,200,True,four_pt
SR1482_40X_HE_T132_02.czi,1,processed,6,130,9,4,False,none,none,10.0,5.0,24,6,200,True,four_pt
SR1482_40X_HE_T133_01.czi,1,processed,6,130,9,4,False,none,none,10.0,5.0,24,6,200,True,four_pt
SR1482_40X_HE_T133_02.czi,1,processed,6,130,9,4,False,none,none,10.0,5.0,24,6,200,True,four_pt
SR1482_40X_HE_T134_01.czi,1,processed,6,130,9,4,False,none,none,10.0,5.0,24,6,200,True,four_pt
SR1482_40X_HE_T135_01.czi,1,processed,6,135,9,4,False,none,none,10.0,5.0,24,6,200,True,four_pt
SR1482_40X_HE_T136_01.czi,1,processed,6,135,9,4,False,none,none,10.0,5.0,24,6,200,True,four_pt
SR1482_40X_HE_T136_02.czi,1,processed,6,135,9,4,False,none,none,10.0,5.0,24,6,200,True,four_pt
SR1482_40X_HE_T137_01.czi,1,processed,6,135,9,4,False,none,none,10.0,5.0,24,6,200,True,four_pt
SR1482_40X_HE_T137_02.czi,1,processed,6,135,9,4,False,none,none,10.0,5.0,24,6,200,True,four_pt
SR1482_40X_HE_T138_01.czi,1,processed,6,130,9,4,False,none,none,10.0,5.0,24,6,200,True,four_pt
SR1482_40X_HE_T139_01.czi,1,processed,6,130,9,4,False,none,none,10.0,5.0,24,6,200,True,four_pt
SR1482_40X_HE_T139_02.czi,1,processed,6,130,9,4,False,none,none,10.0,5.0,24,6,200,True,four_pt
SR1482_40X_HE_T140_01.czi,1,processed,6,130,9,4,False,none,none,10.0,5.0,24,6,200,True,four_pt
SR1482_40X_HE_T140_02.czi,1,processed,6,130,9,4,False,none,none,10.0,5.0,24,6,200,True,four_pt
SR1482_40X_HE_T141_01.czi,1,processed,6,135,9,4,False,none,none,10.0,5.0,24,6,200,True,four_pt
SR1482_40X_HE_T142_01.czi,1,processed,6,135,9,4,False,none,none,10.0,5.0,24,6,200,True,four_pt
SR1482_40X_HE_T143_01.czi,1,processed,6,130,9,4,False,none,none,10.0,5.0,24,6,200,True,four_pt
SR1482_40X_HE_T143_02.czi,1,processed,6,130,9,4,False,none,none,10.0,5.0,24,6,200,True,four_pt
SR1482_40X_HE_T146_01.czi,1,processed,6,130,9,4,False,none,none,10.0,5.0,24,6,200,True,four_pt
SR1482_40X_HE_T147_01.czi,1,processed,6,130,9,4,False,none,none,10.0,5.0,24,6,200,True,four_pt
SR1482_40X_HE_T147_02.czi,1,processed,6,130,9,4,False,none,none,10.0,5.0,24,6,200,True,four_pt
SR1482_40X_HE_T148_01.czi,1,processed,6,130,9,4,False,none,none,10.0,5.0,24,6,200,True,four_pt
SR1482_40X_HE_T148_02.czi,1,processed,6,122,9,4,False,none,none,10.0,5.0,24,6,200,True,four_pt
SR1482_40X_HE_T149_01.czi,1,processed,6,130,9,4,False,none,none,10.0,5.0,24,6,200,True,four_pt
SR1482_40X_HE_T149_02.czi,1,processed,6,130,9,4,False,none,none,10.0,5.0,24,6,200,True,four_pt
SR1482_40X_HE_T150_01.czi,1,processed,6,135,9,4,False,none,none,10.0,5.0,24,6,200,True,four_pt
SR1482_40X_HE_T151_01.czi,1,processed,6,135,9,4,False,none,none,10.0,5.0,24,6,200,True,four_pt
SR1482_40X_HE_T152_01.czi,1,processed,6,135,9,4,False,none,none,10.0,5.0,24,6,200,True,four_pt
SR1482_40X_HE_T153_01.czi,1,processed,6,130,9,4,False,none,none,10.0,5.0,24,6,200,True,four_pt
SR1482_40X_HE_T154_01.czi,1,processed,6,130,9,4,False,none,none,10.0,5.0,24,6,200,True,four_pt
SR1482_40X_HE_T155_01.czi,1,processed,6,135,9,4,False,none,none,10.0,5.0,24,6,200,True,four_pt
SR1482_40X_HE_T156_01.czi,1,processed,6,135,9,4,False,none,none,10.0,5.0,24,6,200,True,four_pt
SR1482_40X_HE_T157_01.czi,1,processed,6,128,9,4,False,none,none,10.0,5.0,24,6,200,True,four_pt
SR1482_40X_HE_T157_02.czi,1,processed,6,128,9,4,False,none,none,10.0,5.0,24,6,200,True,four_pt
SR1482_40X_HE_T158_01.czi,1,processed,6,130,9,4,False,none,none,10.0,5.0,24,6,200,True,four_pt
SR1482_40X_HE_T159_01.czi,1,processed,6,135,9,4,False,none,none,10.0,5.0,24,6,200,True,four_pt
SR1482_40X_HE_T159_02.czi,1,processed,6,135,9,4,False,none,none,10.0,5.0,24,6,200,True,four_pt
SR1482_40X_HE_T160_01.czi,1,processed,6,135,9,4,False,none,none,10.0,5.0,24,6,200,True,four_pt
SR1482_40X_HE_T160_02.czi,1,processed,6,135,9,4,False,none,none,10.0,5.0,24,6,200,True,four_pt
SR1482_40X_HE_T161_01.czi,1,processed,6,135,9,4,False,none,none,10.0,5.0,24,6,200,True,four_pt
SR1482_40X_HE_T161_02.czi,1,processed,6,135,9,4,False,none,none,10.0,5.0,24,6,200,True,four_pt
SR1482_40X_HE_T162_01.czi,1,processed,6,135,9,4,False,none,none,10.0,5.0,24,6,200,True,four_pt
SR1482_40X_HE_T163_01.czi,1,processed,6,135,9,4,False,none,none,10.0,5.0,24,6,200,True,four_pt
SR1482_40X_HE_T164_01.czi,1,processed,6,135,9,4,False,none,none,10.0,5.0,24,6,200,True,four_pt
SR1482_40X_HE_T164_02.czi,1,processed,6,130,9,4,False,none,none,10.0,5.0,24,6,200,True,four_pt
SR1482_40X_HE_T165_01.czi,1,processed,6,135,9,4,False,none,none,10.0,5.0,24,6,200,True,four_pt
SR1482_40X_HE_T166_01.czi,1,processed,6,130,9,4,False,none,none,10.0,5.0,24,6,200,True,four_pt
SR1482_40X_HE_T167_01.czi,1,processed,6,130,9,4,False,none,none,10.0,5.0,24,6,200,True,four_pt
SR1482_40X_HE_T167_02.czi,1,processed,6,128,9,4,False,none,none,10.0,5.0,24,6,200,True,four_pt
SR1482_40X_HE_T168_01.czi,1,processed,6,130,9,4,False,none,none,10.0,5.0,24,6,200,True,four_pt
SR1482_40X_HE_T169_01.czi,1,processed,6,130,9,4,False,none,none,10.0,5.0,24,6,200,True,four_pt
SR1482_40X_HE_T170_01.czi,1,processed,6,135,9,4,False,none,none,10.0,5.0,24,6,200,True,four_pt
SR1482_40X_HE_T170_02.czi,1,processed,6,135,9,4,False,none,none,10.0,5.0,24,6,200,True,four_pt
SR1482_40X_HE_T171_01.czi,1,processed,6,128,9,4,False,none,none,10.0,5.0,24,6,200,True,four_pt
SR1482_40X_HE_T171_02.czi,1,processed,6,128,9,4,False,none,none,10.0,5.0,24,6,200,True,four_pt
SR1482_40X_HE_T172_01.czi,1,processed,6,130,9,4,False,none,none,10.0,5.0,24,6,200,True,four_pt
SR1482_40X_HE_T172_02.czi,1,processed,6,135,9,4,False,none,none,10.0,5.0,24,6,200,True,four_pt
SR1482_40X_HE_T173_01.czi,1,processed,6,135,9,4,False,none,none,10.0,5.0,24,6,200,True,four_pt
SR1482_40X_HE_T173_02.czi,1,processed,6,135,9,4,False,none,none,10.0,5.0,24,6,200,True,four_pt
SR1482_40X_HE_T174_01.czi,1,processed,6,128,9,4,False,none,none,10.0,5.0,24,6,200,True,four_pt
SR1482_40X_HE_T174_02.czi,1,processed,6,128,9,4,False,none,none,10.0,5.0,24,6,200,True,four_pt
SR1482_40X_HE_T175_01.czi,1,processed,6,130,9,4,False,none,none,10.0,5.0,24,6,200,True,four_pt
SR1482_40X_HE_T175_02.czi,1,processed,6,130,9,4,False,none,none,10.0,5.0,24,6,200,True,four_pt
SR1482_40X_HE_T176_01.czi,1,processed,6,130,9,4,False,none,none,10.0,5.0,24,6,200,True,four_pt
SR1482_40X_HE_T176_02.czi,1,processed,6,128,9,4,False,none,none,10.0,5.0,24,6,200,True,four_pt
SR1482_40X_HE_T177_01.czi,1,processed,6,128,9,4,False,none,none,10.0,5.0,24,6,200,True,four_pt
SR1482_40X_HE_T178_01.czi,1,processed,6,130,9,4,False,none,none,10.0,5.0,24,6,200,True,four_pt
SR1482_40X_HE_T179_01.czi,1,processed,6,128,9,4,False,none,none,10.0,5.0,24,6,200,True,four_pt
SR1482_40X_HE_T179_02.czi,1,processed,6,128,9,4,False,none,none,10.0,5.0,24,6,200,True,four_pt
SR1482_40X_HE_T180_01.czi,1,processed,6,128,9,4,False,none,none,10.0,5.0,24,6,200,True,four_pt
SR1482_40X_HE_T180_02.czi,1,processed,6,128,9,4,False,none,none,10.0,5.0,24,6,200,True,four_pt
SR1482_40X_HE_T182_01.czi,1,processed,6,130,9,4,False,none,none,10.0,5.0,24,6,200,True,four_pt
SR1482_40X_HE_T183_01.czi,1,processed,6,130,9,4,False,none,none,10.0,5.0,24,6,200,True,four_pt
SR1482_40X_HE_T183_02.czi,1,processed,6,130,9,4,False,none,none,10.0,5.0,24,6,200,True,four_pt
SR1482_40X_HE_T184_01.czi,1,processed,6,130,9,4,False,none,none,10.0,5.0,24,6,200,True,four_pt
SR1482_40X_HE_T185_01.czi,1,processed,6,130,9,4,False,none,none,10.0,5.0,24,6,200,True,four_pt
SR1482_40X_HE_T186_01.czi,1,processed,6,130,9,4,False,none,none,10.0,5.0,24,6,200,True,four_pt
SR1482_40X_HE_T187_01.czi,1,processed,6,128,9,4,False,none,none,10.0,5.0,24,6,200,True,four_pt
SR1482_40X_HE_T188_01.czi,1,processed,6,129,9,4,False,none,none,10.0,5.0,24,6,200,True,four_pt
SR1482_40X_HE_T189_01.czi,1,processed,6,130,9,4,False,none,none,10.0,5.0,24,6,200,True,four_pt
SR1482_40X_HE_T189_02.czi,1,processed,6,130,9,4,False,none,none,10.0,5.0,24,6,200,True,four_pt
SR1482_40X_HE_T190_01.czi,1,processed,6,135,9,4,False,none,none,10.0,5.0,24,6,200,True,four_pt
SR1482_40X_HE_T191_01.czi,1,processed,6,130,9,4,False,none,none,10.0,5.0,24,6,200,True,four_pt
SR1482_40X_HE_T192_01.czi,1,processed,6,130,9,4,False,none,none,10.0,5.0,24,6,200,True,four_pt
SR1482_40X_HE_T193_01.czi,1,processed,6,130,9,4,False,none,none,10.0,5.0,24,6,200,True,four_pt
SR1482_40X_HE_T193_02.czi,1,processed,6,128,9,4,False,none,none,10.0,5.0,24,6,200,True,four_pt
SR1482_40X_HE_T194_01.czi,1,processed,6,130,9,4,False,none,none,10.0,5.0,24,6,200,True,four_pt
SR1482_40X_HE_T195_01.czi,1,processed,6,130,9,4,False,none,none,10.0,5.0,24,6,200,True,four_pt
SR1482_40X_HE_T195_02.czi,1,processed,6,130,9,4,False,none,none,10.0,5.0,24,6,200,True,four_pt
SR1482_40X_HE_T196_01.czi,1,processed,6,135,9,4,False,none,none,10.0,5.0,24,6,200,True,four_pt
SR1482_40X_HE_T196_02.czi,1,processed,6,135,9,4,False,none,none,10.0,5.0,24,6,200,True,four_pt
SR1482_40X_HE_T197_01.czi,1,processed,6,135,9,4,False,none,none,10.0,5.0,24,6,200,True,four_pt
SR1482_40X_HE_T198_01.czi,1,processed,6,135,9,4,False,none,none,10.0,5.0,24,6,200,True,four_pt
SR1482_40X_HE_T199_01.czi,1,processed,6,135,9,4,False,none,none,10.0,5.0,24,6,200,True,four_pt
SR1482_40X_HE_T200_01.czi,1,processed,6,135,9,4,False,none,none,10.0,5.0,24,6,200,True,four_pt
SR1482_40X_HE_T201_01.czi,1,processed,6,130,9,4,False,none,none,10.0,5.0,24,6,200,True,four_pt
SR1482_40X_HE_T202_01.czi,1,processed,6,130,9,4,False,none,none,10.0,5.0,24,6,200,True,four_pt
SR1482_40X_HE_T202_02.czi,1,processed,6,126,9,4,False,none,none,10.0,5.0,24,6,200,True,four_pt
SR1482_40X_HE_T203_01.czi,1,processed,6,135,9,4,False,none,none,10.0,5.0,24,6,200,True,four_pt
SR1482_40X_HE_T203_02.czi,1,processed,6,135,9,4,False,none,none,10.0,5.0,24,6,200,True,four_pt
SR1482_40X_HE_T204_01.czi,1,processed,6,135,9,4,False,none,none,10.0,5.0,24,6,200,True,four_pt
SR1482_40X_HE_T204_02.czi,1,processed,6,135,9,4,False,none,none,10.0,5.0,24,6,200,True,four_pt
SR1482_40X_HE_T205_01.czi,1,processed,6,135,9,4,False,none,none,10.0,5.0,24,6,200,True,four_pt
SR1482_40X_HE_T206_01.czi,1,processed,6,130,9,4,False,none,none,10.0,5.0,24,6,200,True,four_pt
SR1482_40X_HE_T207_01.czi,1,processed,6,135,9,4,False,none,none,10.0,5.0,24,6,200,True,four_pt
SR1482_40X_HE_T207_02.czi,1,processed,6,135,9,4,False,none,none,10.0,5.0,24,6,200,True,four_pt
SR1482_40X_HE_T208_01.czi,1,processed,6,130,9,4,False,none,none,10.0,5.0,24,6,200,True,four_pt
SR1482_40X_HE_T209_01.czi,1,processed,6,130,9,4,False,none,none,10.0,5.0,24,6,200,True,four_pt
SR1482_40X_HE_T209_02.czi,1,processed,6,130,9,4,False,none,none,10.0,5.0,24,6,200,True,four_pt
SR1482_40X_HE_T210_01.czi,1,processed,6,135,9,4,False,none,none,10.0,5.0,24,6,200,True,four_pt
SR1482_40X_HE_T210_02.czi,1,processed,6,135,9,4,False,none,none,10.0,5.0,24,6,200,True,four_pt
SR1482_40X_HE_T211_01.czi,1,processed,6,130,9,4,False,none,none,10.0,5.0,24,6,200,True,four_pt
SR1482_40X_HE_T212_01.czi,1,processed,6,135,9,4,False,none,none,10.0,5.0,24,6,200,True,four_pt
SR1482_40X_HE_T213_01.czi,1,processed,6,130,9,4,False,none,none,10.0,5.0,24,6,200,True,four_pt
SR1482_40X_HE_T213_02.czi,1,processed,6,130,9,4,False,none,none,10.0,5.0,24,6,200,True,four_pt
SR1482_40X_HE_T214_01.czi,1,processed,6,135,9,4,False,none,none,10.0,5.0,24,6,200,True,four_pt
SR1482_40X_HE_T214_02.czi,1,processed,6,135,9,4,False,none,none,10.0,5.0,24,6,200,True,four_pt
SR1482_40X_HE_T215_01.czi,1,processed,6,135,9,4,False,none,none,10.0,5.0,24,6,200,True,four_pt
SR1482_40X_HE_T215_02.czi,1,processed,6,135,9,4,False,none,none,10.0,5.0,24,6,200,True,four_pt
SR1482_40X_HE_T216_01.czi,1,processed,6,135,9,4,False,none,none,10.0,5.0,24,6,200,True,four_pt
SR1482_40X_HE_T217_01.czi,1,processed,6,135,9,4,False,none,none,10.0,5.0,24,6,200,True,four_pt
SR1482_40X_HE_T218_01.czi,1,processed,6,135,9,4,False,none,none,10.0,5.0,24,6,200,True,four_pt
SR1482_40X_HE_T219_01.czi,1,processed,6,130,9,4,False,none,none,10.0,5.0,24,6,200,True,four_pt
SR1482_40X_HE_T219_02.czi,1,processed,6,130,9,4,False,none,none,10.0,5.0,24,6,200,True,four_pt
SR1482_40X_HE_T220_01.czi,1,processed,6,135,9,4,False,none,none,10.0,5.0,24,6,200,True,four_pt
SR1482_40X_HE_T221_01.czi,1,processed,6,135,9,4,False,none,none,10.0,5.0,24,6,200,True,four_pt
SR1482_40X_HE_T221_02.czi,1,processed,6,135,9,4,False,none,none,10.0,5.0,24,6,200,True,four_pt
SR1482_40X_HE_T222_01.czi,1,processed,6,135,9,4,False,none,none,10.0,5.0,24,6,200,True,four_pt
SR1482_40X_HE_T222_02.czi,1,processed,6,135,9,4,False,none,none,10.0,5.0,24,6,200,True,four_pt
SR1482_40X_HE_T223_01.czi,1,processed,6,135,9,4,False,none,none,10.0,5.0,24,6,200,True,four_pt
SR1482_40X_HE_T224_01.czi,1,processed,6,135,9,4,False,none,none,10.0,5.0,24,6,200,True,four_pt
SR1482_40X_HE_T224_02.czi,1,processed,6,126,9,4,False,none,none,10.0,5.0,24,6,200,True,four_pt
SR1482_40X_HE_T225_01.czi,1,processed,6,135,9,4,False,none,none,10.0,5.0,24,6,200,True,four_pt
SR1482_40X_HE_T225_02.czi,1,processed,6,130,9,4,False,none,none,10.0,5.0,24,6,200,True,four_pt
SR1482_40X_HE_T226_01.czi,1,processed,6,135,9,4,False,none,none,10.0,5.0,24,6,200,True,four_pt
SR1482_40X_HE_T227_01.czi,1,processed,6,130,9,4,False,none,none,10.0,5.0,24,6,200,True,four_pt
SR1482_40X_HE_T227_02.czi,1,processed,6,128,9,4,False,none,none,10.0,5.0,24,6,200,True,four_pt
SR1482_40X_HE_T228_01.czi,1,processed,6,135,9,4,False,none,none,10.0,5.0,24,6,200,True,four_pt
SR1482_40X_HE_T229_01.czi,1,processed,6,130,9,4,False,none,none,10.0,5.0,24,6,200,True,four_pt
SR1482_40X_HE_T230_01.czi,1,processed,6,130,9,4,False,none,none,10.0,5.0,24,6,200,True,four_pt
SR1482_40X_HE_T231_01.czi,1,processed,6,135,9,4,False,none,none,10.0,5.0,24,6,200,True,four_pt
SR1482_40X_HE_T232_01.czi,1,processed,6,130,9,4,False,none,none,10.0,5.0,24,6,200,True,four_pt
SR1482_40X_HE_T232_02.czi,1,processed,6,130,9,4,False,none,none,10.0,5.0,24,6,200,True,four_pt
SR1482_40X_HE_T233_01.czi,1,processed,6,135,9,4,False,none,none,10.0,5.0,24,6,200,True,four_pt
SR1482_40X_HE_T234_01.czi,1,processed,6,135,9,4,False,none,none,10.0,5.0,24,6,200,True,four_pt
SR1482_40X_HE_T235_01.czi,1,processed,6,135,9,4,False,none,none,10.0,5.0,24,6,200,True,four_pt
SR1482_40X_HE_T235_02.czi,1,processed,6,135,9,4,False,none,none,10.0,5.0,24,6,200,True,four_pt
SR1482_40X_HE_T236_01.czi,1,processed,6,130,9,4,False,none,none,10.0,5.0,24,6,200,True,four_pt
SR1482_40X_HE_T236_02.czi,1,processed,6,130,9,4,False,none,none,10.0,5.0,24,6,200,True,four_pt
SR1482_40X_HE_T237_01.czi,1,processed,6,135,9,4,False,none,none,10.0,5.0,24,6,200,True,four_pt
SR1482_40X_HE_T237_02.czi,1,processed,6,135,9,4,False,none,none,10.0,5.0,24,6,200,True,four_pt
SR1482_40X_HE_T239_01.czi,1,processed,6,130,9,4,False,none,none,10.0,5.0,24,6,200,True,four_pt
SR1482_40X_HE_T240_01.czi,1,processed,6,135,9,4,False,none,none,10.0,5.0,24,6,200,True,four_pt
SR1482_40X_HE_T240_02.czi,1,processed,6,135,9,4,False,none,none,10.0,5.0,24,6,200,True,four_pt
SR1482_40X_HE_T242_01.czi,1,processed,6,130,9,4,False,none,none,10.0,5.0,24,6,200,True,four_pt
SR1482_40X_HE_T242_02.czi,1,processed,6,130,9,4,False,none,none,10.0,5.0,24,6,200,True,four_pt
SR1482_40X_HE_T243_01.czi,1,processed,6,130,9,4,False,none,none,10.0,5.0,24,6,200,True,four_pt
SR1482_40X_HE_T244_01.czi,1,processed,6,135,9,4,False,none,none,10.0,5.0,24,6,200,True,four_pt
SR1482_40X_HE_T245_01.czi,1,processed,6,135,9,4,False,none,none,10.0,5.0,24,6,200,True,four_pt
SR1482_40X_HE_T245_02.czi,1,processed,6,135,9,4,False,none,none,10.0,5.0,24,6,200,True,four_pt
SR1482_40X_HE_T246_01.czi,1,processed,6,130,9,4,False,none,none,10.0,5.0,24,6,200,True,four_pt
SR1482_40X_HE_T247_01.czi,1,processed,6,135,9,4,False,none,none,10.0,5.0,24,6,200,True,four_pt
SR1482_40X_HE_T248_01.czi,1,processed,6,128,9,4,False,none,none,10.0,5.0,24,6,200,True,four_pt
SR1482_40X_HE_T248_02.czi,1,processed,6,135,9,4,False,none,none,10.0,5.0,24,6,200,True,four_pt
SR1482_40X_HE_T249_01.czi,1,processed,6,135,9,4,False,none,none,10.0,5.0,24,6,200,True,four_pt
SR1482_40X_HE_T250_01.czi,1,processed,6,135,9,4,False,none,none,10.0,5.0,24,6,200,True,four_pt
SR1482_40X_HE_T251_01.czi,1,processed,6,130,9,4,False,none,none,10.0,5.0,24,6,200,True,four_pt
SR1482_40X_HE_T253_01.czi,1,processed,6,130,9,4,False,none,none,10.0,5.0,24,6,200,True,four_pt
SR1482_40X_HE_T254_01.czi,1,processed,6,130,9,4,False,none,none,10.0,5.0,24,6,200,True,four_pt
SR1482_40X_HE_T255_01.czi,1,processed,6,135,9,4,False,none,none,10.0,5.0,24,6,200,True,four_pt
SR1482_40X_HE_T256_01.czi,1,processed,6,130,9,4,False,none,none,10.0,5.0,24,6,200,True,four_pt
SR1482_40X_HE_T257_01.czi,1,processed,6,130,9,4,False,none,none,10.0,5.0,24,6,200,True,four_pt
SR1482_40X_HE_T258_01.czi,1,processed,6,135,9,4,False,none,none,10.0,5.0,24,6,200,True,four_pt
SR1482_40X_HE_T258_02.czi,1,processed,6,130,9,4,False,none,none,10.0,5.0,24,6,200,True,four_pt
SR1482_40X_HE_T259_01.czi,1,processed,6,130,9,4,False,none,none,10.0,5.0,24,6,200,True,four_pt
SR1482_40X_HE_T260_01.czi,1,processed,6,130,9,4,False,none,none,10.0,5.0,24,6,200,True,four_pt
SR1482_40X_HE_T260_02.czi,1,processed,6,130,9,4,False,none,none,10.0,5.0,24,6,200,True,four_pt
SR1482_40X_HE_T261_01.czi,1,processed,6,135,9,4,False,none,none,10.0,5.0,24,6,200,True,four_pt
SR1482_40X_HE_T262_01.czi,1,processed,6,130,9,4,False,none,none,10.0,5.0,24,6,200,True,four_pt
SR1482_40X_HE_T263_01.czi,1,processed,6,135,9,4,False,none,none,10.0,5.0,24,6,200,True,four_pt
SR1482_40X_HE_T264_01.czi,1,processed,6,130,9,4,False,none,none,10.0,5.0,24,6,200,True,four_pt
SR1482_40X_HE_T265_01.czi,1,processed,6,135,9,4,False,none,none,10.0,5.0,24,6,200,True,four_pt
SR1482_40X_HE_T266_01.czi,1,processed,6,135,9,4,False,none,none,10.0,5.0,24,6,200,True,four_pt
SR1482_40X_HE_T267_01.czi,1,processed,6,130,9,4,False,none,none,10.0,5.0,24,6,200,True,four_pt
SR1482_40X_HE_T268_01.czi,1,processed,6,130,9,4,False,none,none,10.0,5.0,24,6,200,True,four_pt
SR1482_40X_HE_T268_02.czi,1,processed,6,135,9,4,False,none,none,10.0,5.0,24,6,200,True,four_pt
SR1482_40X_HE_T269_01.czi,1,processed,6,135,9,4,False,none,none,10.0,5.0,24,6,200,True,four_pt
SR1482_40X_HE_T270_01.czi,1,processed,6,135,9,4,False,none,none,10.0,5.0,24,6,200,True,four_pt
SR1482_40X_HE_T271_01.czi,1,processed,6,135,9,4,False,none,none,10.0,5.0,24,6,200,True,four_pt
SR1482_40X_HE_T272_01.czi,1,processed,6,135,9,4,False,none,none,10.0,5.0,24,6,200,True,four_pt
SR1482_40X_HE_T273_01.czi,1,processed,6,130,9,4,False,none,none,10.0,5.0,24,6,200,True,four_pt
SR1482_40X_HE_T274_01.czi,1,processed,6,130,9,4,False,none,none,10.0,5.0,24,6,200,True,four_pt
SR1482_40X_HE_T274_02.czi,1,processed,6,130,9,4,False,none,none,10.0,5.0,24,6,200,True,four_pt
SR1482_40X_HE_T276_01.czi,1,processed,6,130,9,4,False,none,none,10.0,5.0,24,6,200,True,four_pt
SR1482_40X_HE_T277_01.czi,1,processed,6,130,9,4,False,none,none,10.0,5.0,24,6,200,True,four_pt
SR1482_40X_HE_T277_02.czi,1,processed,6,130,9,4,False,none,none,10.0,5.0,24,6,200,True,four_pt
SR1482_40X_HE_T278_01.czi,1,processed,6,135,9,4,False,none,none,10.0,5.0,24,6,200,True,four_pt
SR1482_40X_HE_T279_01.czi,1,processed,6,135,9,4,False,none,none,10.0,5.0,24,6,200,True,four_pt
SR1482_40X_HE_T279_02.czi,1,processed,6,130,9,4,False,none,none,10.0,5.0,24,6,200,True,four_pt
SR1482_40X_HE_T280_01.czi,1,processed,6,130,9,4,False,none,none,10.0,5.0,24,6,200,True,four_pt
SR1482_40X_HE_T281_01.czi,1,processed,6,135,9,4,False,none,none,10.0,5.0,24,6,200,True,four_pt
SR1482_40X_HE_T282_01.czi,1,processed,6,135,9,4,False,none,none,10.0,5.0,24,6,200,True,four_pt
SR1482_40X_HE_T283_01.czi,1,processed,6,135,9,4,False,none,none,10.0,5.0,24,6,200,True,four_pt
SR1482_40X_HE_T284_01.czi,1,processed,6,135,9,4,False,none,none,10.0,5.0,24,6,200,True,four_pt
SR1482_40X_HE_T284_02.czi,1,processed,6,135,9,4,False,none,none,10.0,5.0,24,6,200,True,four_pt
SR1482_40X_HE_T285_01.czi,1,processed,6,130,9,4,False,none,none,10.0,5.0,24,6,200,True,four_pt
SR1482_40X_HE_T285_02.czi,1,processed,6,135,9,4,False,none,none,10.0,5.0,24,6,200,True,four_pt
SR1482_40X_HE_T286_01.czi,1,processed,6,135,9,4,False,none,none,10.0,5.0,24,6,200,True,four_pt
SR1482_40X_HE_T286_02.czi,1,processed,6,135,9,4,False,none,none,10.0,5.0,24,6,200,True,four_pt
SR1482_40X_HE_T287_01.czi,1,processed,6,130,9,4,False,none,none,10.0,5.0,24,6,200,True,four_pt
SR1482_40X_HE_T288_01.czi,1,processed,6,135,9,4,False,none,none,10.0,5.0,24,6,200,True,four_pt
SR1482_40X_HE_T289_01.czi,1,processed,6,130,9,4,False,none,none,10.0,5.0,24,6,200,True,four_pt
SR1482_40X_HE_T289_02.czi,1,processed,6,130,9,4,False,none,none,10.0,5.0,24,6,200,True,four_pt
SR1482_40X_HE_T290_01.czi,1,processed,6,135,9,4,False,none,none,10.0,5.0,24,6,200,True,four_pt
SR1482_40X_HE_T291_01.czi,1,processed,6,135,9,4,False,none,none,10.0,5.0,24,6,200,True,four_pt
SR1482_40X_HE_T292_01.czi,1,processed,6,130,9,4,False,none,none,10.0,5.0,24,6,200,True,four_pt
SR1482_40X_HE_T293_01.czi,1,processed,6,135,9,4,False,none,none,10.0,5.0,24,6,200,True,four_pt
SR1482_40X_HE_T294_01.czi,1,processed,6,135,9,4,False,none,none,10.0,5.0,24,6,200,True,four_pt
SR1482_40X_HE_T295_01.czi,1,processed,6,130,9,4,False,none,none,10.0,5.0,24,6,200,True,four_pt
SR1482_40X_HE_T295_02.czi,1,processed,6,135,9,4,False,none,none,10.0,5.0,24,6,200,True,four_pt
SR1482_40X_HE_T296_01.czi,1,processed,6,130,9,4,False,none,none,10.0,5.0,24,6,200,True,four_pt
SR1482_40X_HE_T296_02.czi,1,processed,6,130,9,4,False,none,none,10.0,5.0,24,6,200,True,four_pt
SR1482_40X_HE_T297_01.czi,1,processed,6,130,9,4,False,none,none,10.0,5.0,24,6,200,True,four_pt
SR1482_40X_HE_T298_01.czi,1,processed,6,130,9,4,False,none,none,10.0,5.0,24,6,200,True,four_pt
SR1482_40X_HE_T298_02.czi,1,processed,6,130,9,4,False,none,none,10.0,5.0,24,6,200,True,four_pt
SR1482_40X_HE_T299_01.czi,1,processed,6,130,9,4,False,none,none,10.0,5.0,24,6,200,True,four_pt
SR1482_40X_HE_T300_01.czi,1,processed,6,130,9,4,False,none,none,10.0,5.0,24,6,200,True,four_pt
SR1482_40X_HE_T301_01.czi,1,processed,6,135,9,4,False,none,none,10.0,5.0,24,6,200,True,four_pt
SR1482_40X_HE_T301_02.czi,1,processed,6,135,9,4,False,none,none,10.0,5.0,24,6,200,True,four_pt
SR1482_40X_HE_T302_01.czi,1,processed,6,135,9,4,False,none,none,10.0,5.0,24,6,200,True,four_pt
SR1482_40X_HE_T303_01.czi,1,processed,6,130,9,4,False,none,none,10.0,5.0,24,6,200,True,four_pt
SR1482_40X_HE_T304_01.czi,1,processed,6,135,9,4,False,none,none,10.0,5.0,24,6,200,True,four_pt
SR1482_40X_HE_T304_02.czi,1,processed,6,135,9,4,False,none,none,10.0,5.0,24,6,200,True,four_pt
SR1482_40X_HE_T305_01.czi,1,processed,6,135,9,4,False,none,none,10.0,5.0,24,6,200,True,four_pt
SR1482_40X_HE_T307_01.czi,1,processed,6,130,9,4,False,none,none,10.0,5.0,24,6,200,True,four_pt
SR1482_40X_HE_T307_02.czi,1,processed,6,135,9,4,False,none,none,10.0,5.0,24,6,200,True,four_pt
SR1482_40X_HE_T308_01.czi,1,processed,6,135,9,4,False,none,none,10.0,5.0,24,6,200,True,four_pt
SR1482_40X_HE_T309_01.czi,1,processed,6,130,9,4,False,none,none,10.0,5.0,24,6,200,True,four_pt
SR1482_40X_HE_T310_01.czi,1,processed,6,135,9,4,False,none,none,10.0,5.0,24,6,200,True,four_pt
SR1482_40X_HE_T310_02.czi,1,processed,6,135,9,4,False,none,none,10.0,5.0,24,6,200,True,four_pt
SR1482_40X_HE_T311_01.czi,1,processed,6,135,9,4,False,none,none,10.0,5.0,24,6,200,True,four_pt
SR1482_40X_HE_T311_02.czi,1,processed,6,135,9,4,False,none,none,10.0,5.0,24,6,200,True,four_pt
SR1482_40X_HE_T313_01.czi,1,processed,6,135,9,4,False,none,none,10.0,5.0,24,6,200,True,four_pt
SR1482_40X_HE_T313_02.czi,1,processed,6,135,9,4,False,none,none,10.0,5.0,24,6,200,True,four_pt
SR1482_40X_HE_T314_01.czi,1,processed,6,135,9,4,False,none,none,10.0,5.0,24,6,200,True,four_pt
SR1482_40X_HE_T314_02.czi,1,processed,6,135,9,4,False,none,none,10.0,5.0,24,6,200,True,four_pt
SR1482_40X_HE_T315_01.czi,1,processed,6,130,9,4,False,none,none,10.0,5.0,24,6,200,True,four_pt
SR1482_40X_HE_T315_02.czi,1,processed,6,135,9,4,False,none,none,10.0,5.0,24,6,200,True,four_pt
SR1482_40X_HE_T316_01.czi,1,processed,6,135,9,4,False,none,none,10.0,5.0,24,6,200,True,four_pt
SR1482_40X_HE_T316_02.czi,1,processed,6,135,9,4,False,none,none,10.0,5.0,24,6,200,True,four_pt
SR1482_40X_HE_T317_01.czi,1,processed,6,135,9,4,False,none,none,10.0,5.0,24,6,200,True,four_pt
SR1482_40X_HE_T318_01.czi,1,processed,6,135,9,4,False,none,none,10.0,5.0,24,6,200,True,four_pt
SR1482_40X_HE_T319_01.czi,1,processed,6,135,9,4,False,none,none,10.0,5.0,24,6,200,True,four_pt
SR1482_40X_HE_T320_01.czi,1,processed,6,130,9,4,False,none,none,10.0,5.0,24,6,200,True,four_pt
SR1482_40X_HE_T320_02.czi,1,processed,6,135,9,4,False,none,none,10.0,5.0,24,6,200,True,four_pt
SR1482_40X_HE_T321_01.czi,1,processed,6,135,9,4,False,none,none,10.0,5.0,24,6,200,True,four_pt
SR1482_40X_HE_T322_01.czi,1,processed,6,135,9,4,False,none,none,10.0,5.0,24,6,200,True,four_pt
SR1482_40X_HE_T322_02.czi,1,processed,6,135,9,4,False,none,none,10.0,5.0,24,6,200,True,four_pt
SR1482_40X_HE_T323_01.czi,1,processed,6,135,9,4,False,none,none,10.0,5.0,24,6,200,True,four_pt
SR1482_40X_HE_T324_01.czi,1,processed,6,130,9,4,False,none,none,10.0,5.0,24,6,200,True,four_pt
SR1482_40X_HE_T324_02.czi,1,processed,6,130,9,4,False,none,none,10.0,5.0,24,6,200,True,four_pt
SR1482_40X_HE_T325_01.czi,1,processed,6,130,9,4,False,none,none,10.0,5.0,24,6,200,True,four_pt
SR1482_40X_HE_T325_02.czi,1,processed,6,135,9,4,False,none,none,10.0,5.0,24,6,200,True,four_pt
SR1482_40X_HE_T326_01.czi,1,processed,6,135,9,4,False,none,none,10.0,5.0,24,6,200,True,four_pt
SR1482_40X_HE_T327_01.czi,1,processed,6,130,9,4,False,none,none,10.0,5.0,24,6,200,True,four_pt
SR1482_40X_HE_T327_02.czi,1,processed,6,135,9,4,False,none,none,10.0,5.0,24,6,200,True,four_pt
SR1482_40X_HE_T328_01.czi,1,processed,6,130,9,4,False,none,none,10.0,5.0,24,6,200,True,four_pt
SR1482_40X_HE_T328_02.czi,1,processed,6,135,9,4,False,none,none,10.0,5.0,24,6,200,True,four_pt
SR1482_40X_HE_T330_01.czi,1,processed,6,130,9,4,False,none,none,10.0,5.0,24,6,200,True,four_pt
SR1482_40X_HE_T331_01.czi,1,processed,6,126,9,4,False,none,none,10.0,5.0,24,6,200,True,four_pt
SR1482_40X_HE_T331_02.czi,1,processed,6,124,9,4,False,none,none,10.0,5.0,24,6,200,True,four_pt
SR1482_40X_HE_T332_01.czi,1,processed,6,130,9,4,False,none,none,10.0,5.0,24,6,200,True,four_pt
SR1482_40X_HE_T332_02.czi,1,processed,6,135,9,4,False,none,none,10.0,5.0,24,6,200,True,four_pt
SR1482_40X_HE_T333_01.czi,1,processed,6,130,9,4,False,none,none,10.0,5.0,24,6,200,True,four_pt
SR1482_40X_HE_T333_02.czi,1,processed,6,135,9,4,False,none,none,10.0,5.0,24,6,200,True,four_pt
SR1482_40X_HE_T334_01.czi,1,processed,6,130,9,4,False,none,none,10.0,5.0,24,6,200,True,four_pt
SR1482_40X_HE_T335_01.czi,1,processed,6,135,9,4,False,none,none,10.0,5.0,24,6,200,True,four_pt
SR1482_40X_HE_T335_02.czi,1,processed,6,130,9,4,False,none,none,10.0,5.0,24,6,200,True,four_pt
SR1482_40X_HE_T336_01.czi,1,processed,6,130,9,4,False,none,none,10.0,5.0,24,6,200,True,four_pt
SR1482_40X_HE_T336_02.czi,1,processed,6,130,9,4,False,none,none,10.0,5.0,24,6,200,True,four_pt
SR1482_40X_HE_T337_01.czi,1,processed,6,130,9,4,False,none,none,10.0,5.0,24,6,200,True,four_pt
SR1482_40X_HE_T337_02.czi,1,processed,6,130,9,4,False,none,none,10.0,5.0,24,6,200,True,four_pt
SR1482_40X_HE_T338_01.czi,1,processed,6,135,9,4,False,none,none,10.0,5.0,24,6,200,True,four_pt
SR1482_40X_HE_T339_01.czi,1,processed,6,124,9,4,False,none,none,10.0,5.0,24,6,200,True,four_pt
SR1482_40X_HE_T340_01.czi,1,processed,6,128,9,4,False,none,none,10.0,5.0,24,6,200,True,four_pt
SR1482_40X_HE_T341_01.czi,1,processed,6,130,9,4,False,none,none,10.0,5.0,24,6,200,True,four_pt
SR1482_40X_HE_T341_02.czi,1,processed,6,130,9,4,False,none,none,10.0,5.0,24,6,200,True,four_pt
SR1482_40X_HE_T342_01.czi,1,processed,6,130,9,4,False,none,none,10.0,5.0,24,6,200,True,four_pt
SR1482_40X_HE_T342_02.czi,1,processed,6,135,9,4,False,none,none,10.0,5.0,24,6,200,True,four_pt
SR1482_40X_HE_T343_01.czi,1,processed,6,130,9,4,False,none,none,10.0,5.0,24,6,200,True,four_pt
SR1482_40X_HE_T343_02.czi,1,processed,6,135,9,4,False,none,none,10.0,5.0,24,6,200,True,four_pt
SR1482_40X_HE_T344_01.czi,1,processed,6,130,9,4,False,none,none,10.0,5.0,24,6,200,True,four_pt
SR1482_40X_HE_T344_02.czi,1,processed,6,135,9,4,False,none,none,10.0,5.0,24,6,200,True,four_pt
SR1482_40X_HE_T345_01.czi,1,processed,6,130,9,4,False,none,none,10.0,5.0,24,6,200,True,four_pt
SR1482_40X_HE_T345_02.czi,1,processed,6,130,9,4,False,none,none,10.0,5.0,24,6,200,True,four_pt
SR1482_40X_HE_T346_01.czi,1,processed,6,130,9,4,False,none,none,10.0,5.0,24,6,200,True,four_pt
SR1482_40X_HE_T346_02.czi,1,processed,6,130,9,4,False,none,none,10.0,5.0,24,6,200,True,four_pt
SR1482_40X_HE_T347_01.czi,1,processed,6,135,9,4,False,none,none,10.0,5.0,24,6,200,True,four_pt
SR1482_40X_HE_T348_01.czi,1,processed,6,135,9,4,False,none,none,10.0,5.0,24,6,200,True,four_pt
SR1482_40X_HE_T349_01.czi,1,processed,6,135,9,4,False,none,none,10.0,5.0,24,6,200,True,four_pt
SR1482_40X_HE_T350_01.czi,1,processed,6,100,9,4,False,none,none,10.0,5.0,24,6,200,True,four_pt
SR1482_40X_HE_T351_01.czi,1,processed,6,130,9,4,False,none,none,10.0,5.0,24,6,200,True,four_pt
SR1482_40X_HE_T351_02.czi,1,processed,6,130,9,4,False,none,none,10.0,5.0,24,6,200,True,four_pt
SR1482_40X_HE_T352_01.czi,1,processed,6,135,9,4,False,none,none,10.0,5.0,24,6,200,True,four_pt
SR1482_40X_HE_T353_01.czi,1,processed,6,135,9,4,False,none,none,10.0,5.0,24,6,200,True,four_pt
SR1482_40X_HE_T354_01.czi,1,processed,6,135,9,4,False,none,none,10.0,5.0,24,6,200,True,four_pt
SR1482_40X_HE_T355_01.czi,1,processed,6,135,9,4,False,none,none,10.0,5.0,24,6,200,True,four_pt
SR1482_40X_HE_T356_01.czi,1,processed,6,130,9,4,False,none,none,10.0,5.0,24,6,200,True,four_pt
SR1482_40X_HE_T356_02.czi,1,processed,6,130,9,4,False,none,none,10.0,5.0,24,6,200,True,four_pt
SR1482_40X_HE_T357_01.czi,1,processed,6,135,9,4,False,none,none,10.0,5.0,24,6,200,True,four_pt
SR1482_40X_HE_T358_01.czi,1,processed,6,135,9,4,False,none,none,10.0,5.0,24,6,200,True,four_pt
SR1482_40X_HE_T359_01.czi,1,processed,6,130,9,4,False,none,none,10.0,5.0,24,6,200,True,four_pt
SR1482_40X_HE_T360_01.czi,1,processed,6,130,9,4,False,none,none,10.0,5.0,24,6,200,True,four_pt
SR1482_40X_HE_T361_01.czi,1,processed,6,130,9,4,False,none,none,10.0,5.0,24,6,200,True,four_pt
SR1482_40X_HE_T362_01.czi,1,processed,6,130,9,4,False,none,none,10.0,5.0,24,6,200,True,four_pt
SR1482_40X_HE_T363_01.czi,1,processed,6,130,9,4,False,none,none,10.0,5.0,24,6,200,True,four_pt
SR1482_40X_HE_T364_01.czi,1,processed,6,130,9,4,False,none,none,10.0,5.0,24,6,200,True,four_pt
SR1482_40X_HE_T364_02.czi,1,processed,6,130,9,4,False,none,none,10.0,5.0,24,6,200,True,four_pt
SR1482_40X_HE_T365_01.czi,1,processed,6,130,9,4,False,none,none,10.0,5.0,24,6,200,True,four_pt
SR1482_40X_HE_T365_02.czi,1,processed,6,130,9,4,False,none,none,10.0,5.0,24,6,200,True,four_pt
SR1482_40X_HE_T366_01.czi,1,processed,6,130,9,4,False,none,none,10.0,5.0,24,6,200,True,four_pt
SR1482_40X_HE_T367_01.czi,1,processed,6,130,9,4,False,none,none,10.0,5.0,24,6,200,True,four_pt
SR1482_40X_HE_T368_01.czi,1,processed,6,130,9,4,False,none,none,10.0,5.0,24,6,200,True,four_pt
SR1482_40X_HE_T369_01.czi,1,processed,6,130,9,4,False,none,none,10.0,5.0,24,6,200,True,four_pt
SR1482_40X_HE_T370_01.czi,1,processed,6,130,9,4,False,none,none,10.0,5.0,24,6,200,True,four_pt
SR1482_40X_HE_T371_01.czi,1,processed,6,130,9,4,False,none,none,10.0,5.0,24,6,200,True,four_pt
SR1482_40X_HE_T372_01.czi,1,processed,6,128,9,4,False,none,none,10.0,5.0,24,6,200,True,four_pt
SR1482_40X_HE_T372_02.czi,1,processed,6,130,9,4,False,none,none,10.0,5.0,24,6,200,True,four_pt
SR1482_40X_HE_T373_01.czi,1,processed,6,130,9,4,False,none,none,10.0,5.0,24,6,200,True,four_pt
SR1482_40X_HE_T374_01.czi,1,processed,6,128,9,4,False,none,none,10.0,5.0,24,6,200,True,four_pt
SR1482_40X_HE_T374_02.czi,1,processed,6,130,9,4,False,none,none,10.0,5.0,24,6,200,True,four_pt
SR1482_40X_HE_T375_01.czi,1,processed,6,128,9,4,False,none,none,10.0,5.0,24,6,200,True,four_pt
SR1482_40X_HE_T375_02.czi,1,processed,6,130,9,4,False,none,none,10.0,5.0,24,6,200,True,four_pt
SR1482_40X_HE_T376_01.czi,1,processed,6,130,9,4,False,none,none,10.0,5.0,24,6,200,True,four_pt
SR1482_40X_HE_T377_01.czi,1,processed,6,130,9,4,False,none,none,10.0,5.0,24,6,200,True,four_pt
SR1482_40X_HE_T377_02.czi,1,processed,6,130,9,4,False,none,none,10.0,5.0,24,6,200,True,four_pt
SR1482_40X_HE_T378_01.czi,1,processed,6,130,9,4,False,none,none,10.0,5.0,24,6,200,True,four_pt
SR1482_40X_HE_T379_01.czi,1,processed,6,130,9,4,False,none,none,10.0,5.0,24,6,200,True,four_pt
SR1482_40X_HE_T380_01.czi,1,processed,6,130,9,4,False,none,none,10.0,5.0,24,6,200,True,four_pt
SR1482_40X_HE_T381_01.czi,1,processed,6,130,9,4,False,none,none,10.0,5.0,24,6,200,True,four_pt
SR1482_40X_HE_T381_02.czi,1,processed,6,130,9,4,False,none,none,10.0,5.0,24,6,200,True,four_pt
SR1482_40X_HE_T382_01.czi,1,processed,6,130,9,4,False,none,none,10.0,5.0,24,6,200,True,four_pt
SR1482_40X_HE_T383_01.czi,1,processed,6,130,9,4,False,none,none,10.0,5.0,24,6,200,True,four_pt
SR1482_40X_HE_T383_02.czi,1,processed,6,135,9,4,False,none,none,10.0,5.0,24,6,200,True,four_pt
SR1482_40X_HE_T384_01.czi,1,processed,6,128,9,4,False,none,none,10.0,5.0,24,6,200,True,four_pt
SR1482_40X_HE_T384_02.czi,1,processed,6,130,9,4,False,none,none,10.0,5.0,24,6,200,True,four_pt
SR1482_40X_HE_T385_01.czi,1,processed,6,130,9,4,False,none,none,10.0,5.0,24,6,200,True,four_pt
SR1482_40X_HE_T386_01.czi,1,processed,6,130,9,4,False,none,none,10.0,5.0,24,6,200,True,four_pt
SR1482_40X_HE_T386_02.czi,1,processed,6,124,9,4,False,none,none,10.0,5.0,24,6,200,True,four_pt
SR1482_40X_HE_T387_01.czi,1,processed,6,130,9,4,False,none,none,10.0,5.0,24,6,200,True,four_pt
SR1482_40X_HE_T388_01.czi,1,processed,6,130,9,4,False,none,none,10.0,5.0,24,6,200,True,four_pt
SR1482_40X_HE_T389_01.czi,1,processed,6,130,9,4,False,none,none,10.0,5.0,24,6,200,True,four_pt
SR1482_40X_HE_T390_01.czi,1,processed,6,130,9,4,False,none,none,10.0,5.0,24,6,200,True,four_pt
SR1482_40X_HE_T391_01.czi,1,processed,6,126,9,4,False,none,none,10.0,5.0,24,6,200,True,four_pt
SR1482_40X_HE_T392_01.czi,1,processed,6,128,9,4,False,none,none,10.0,5.0,24,6,200,True,four_pt
SR1482_40X_HE_T392_02.czi,1,processed,6,130,9,4,False,none,none,10.0,5.0,24,6,200,True,four_pt
SR1482_40X_HE_T393_01.czi,1,processed,6,130,9,4,False,none,none,10.0,5.0,24,6,200,True,four_pt
SR1482_40X_HE_T393_02.czi,1,processed,6,128,9,4,False,none,none,10.0,5.0,24,6,200,True,four_pt
SR1482_40X_HE_T394_01.czi,1,processed,6,130,9,4,False,none,none,10.0,5.0,24,6,200,True,four_pt
SR1482_40X_HE_T396_01.czi,1,processed,6,130,9,4,False,none,none,10.0,5.0,24,6,200,True,four_pt
SR1482_40X_HE_T396_02.czi,1,processed,6,130,9,4,False,none,none,10.0,5.0,24,6,200,True,four_pt
SR1482_40X_HE_T397_01.czi,1,processed,6,130,9,4,False,none,none,10.0,5.0,24,6,200,True,four_pt
SR1482_40X_HE_T397_02.czi,1,processed,6,128,9,4,False,none,none,10.0,5.0,24,6,200,True,four_pt
SR1482_40X_HE_T398_01.czi,1,processed,6,130,9,4,False,none,none,10.0,5.0,24,6,200,True,four_pt
SR1482_40X_HE_T398_02.czi,1,processed,6,120,9,4,False,none,none,10.0,5.0,24,6,200,True,four_pt
SR1482_40X_HE_T399_01.czi,1,processed,6,128,9,4,False,none,none,10.0,5.0,24,6,200,True,four_pt
SR1482_40X_HE_T399_02.czi,1,processed,6,130,9,4,False,none,none,10.0,5.0,24,6,200,True,four_pt
SR1482_40X_HE_T400_01.czi,1,processed,6,130,9,4,False,none,none,10.0,5.0,24,6,200,True,four_pt
SR1482_40X_HE_T400_02.czi,1,processed,6,130,9,4,False,none,none,10.0,5.0,24,6,200,True,four_pt
SR1482_40X_HE_T401_01.czi,1,processed,6,130,9,4,False,none,none,10.0,5.0,24,6,200,True,four_pt
SR1482_40X_HE_T402_01.czi,1,processed,6,130,9,4,False,none,none,10.0,5.0,24,6,200,True,four_pt
SR1482_40X_HE_T403_01.czi,1,processed,6,130,9,4,False,none,none,10.0,5.0,24,6,200,True,four_pt
SR1482_40X_HE_T403_02.czi,1,processed,6,130,9,4,False,none,none,10.0,5.0,24,6,200,True,four_pt
SR1482_40X_HE_T404_01.czi,1,processed,6,130,9,4,False,none,none,10.0,5.0,24,6,200,True,four_pt
SR1482_40X_HE_T405_01.czi,1,processed,6,130,9,4,False,none,none,10.0,5.0,24,6,200,True,four_pt
SR1482_40X_HE_T406_01.czi,1,processed,6,130,9,4,False,none,none,10.0,5.0,24,6,200,True,four_pt
SR1482_40X_HE_T406_02.czi,1,processed,6,130,9,4,False,none,none,10.0,5.0,24,6,200,True,four_pt
SR1482_40X_HE_T407_01.czi,1,processed,6,128,9,4,False,none,none,10.0,5.0,24,6,200,True,four_pt
SR1482_40X_HE_T408_01.czi,1,processed,6,130,9,4,False,none,none,10.0,5.0,24,6,200,True,four_pt
SR1482_40X_HE_T409_01.czi,1,processed,6,130,9,4,False,none,none,10.0,5.0,24,6,200,True,four_pt
SR1482_40X_HE_T410_01.czi,1,processed,6,130,9,4,False,none,none,10.0,5.0,24,6,200,True,four_pt
SR1482_40X_HE_T410_02.czi,1,processed,6,130,9,4,False,none,none,10.0,5.0,24,6,200,True,four_pt
SR1482_40X_HE_T411_01.czi,1,processed,6,130,9,4,False,none,none,10.0,5.0,24,6,200,True,four_pt
SR1482_40X_HE_T412_01.czi,1,processed,6,130,9,4,False,none,none,10.0,5.0,24,6,200,True,four_pt
SR1482_40X_HE_T413_01.czi,1,processed,6,130,9,4,False,none,none,10.0,5.0,24,6,200,True,four_pt
SR1482_40X_HE_T414_01.czi,1,processed,6,128,9,4,False,none,none,10.0,5.0,24,6,200,True,four_pt
SR1482_40X_HE_T414_02.czi,1,processed,6,128,9,4,False,none,none,10.0,5.0,24,6,200,True,four_pt
SR1482_40X_HE_T415_01.czi,1,processed,6,130,9,4,False,none,none,10.0,5.0,24,6,200,True,four_pt
SR1482_40X_HE_T415_02.czi,1,processed,6,130,9,4,False,none,none,10.0,5.0,24,6,200,True,four_pt
SR1482_40X_HE_T416_01.czi,1,processed,6,130,9,4,False,none,none,10.0,5.0,24,6,200,True,four_pt
SR1482_40X_HE_T417_01.czi,1,processed,6,130,9,4,False,none,none,10.0,5.0,24,6,200,True,four_pt
SR1482_40X_HE_T417_02.czi,1,processed,6,130,9,4,False,none,none,10.0,5.0,24,6,200,True,four_pt
SR1482_40X_HE_T418_01.czi,1,processed,6,130,9,4,False,none,none,10.0,5.0,24,6,200,True,four_pt
SR1482_40X_HE_T419_01.czi,1,processed,6,130,9,4,False,none,none,10.0,5.0,24,6,200,True,four_pt
SR1482_40X_HE_T420_01.czi,1,processed,6,130,9,4,False,none,none,10.0,5.0,24,6,200,True,four_pt
SR1482_40X_HE_T421_01.czi,1,processed,6,130,9,4,False,none,none,10.0,5.0,24,6,200,True,four_pt
SR1482_40X_HE_T423_01.czi,1,processed,6,130,9,4,False,none,none,10.0,5.0,24,6,200,True,four_pt
SR1482_40X_HE_T424_01.czi,1,processed,6,130,9,4,False,none,none,10.0,5.0,24,6,200,True,four_pt
SR1482_40X_HE_T425_01.czi,1,processed,6,130,9,4,False,none,none,10.0,5.0,24,6,200,True,four_pt
SR1482_40X_HE_T426_01.czi,1,processed,6,130,9,4,False,none,none,10.0,5.0,24,6,200,True,four_pt
SR1482_40X_HE_T426_02.czi,1,processed,6,130,9,4,False,none,none,10.0,5.0,24,6,200,True,four_pt
SR1482_40X_HE_T427_01.czi,1,processed,6,130,9,4,False,none,none,10.0,5.0,24,6,200,True,four_pt
SR1482_40X_HE_T427_02.czi,1,processed,6,130,9,4,False,none,none,10.0,5.0,24,6,200,True,four_pt
SR1482_40X_HE_T428_01.czi,1,processed,6,130,9,4,False,none,none,10.0,5.0,24,6,200,True,four_pt
SR1482_40X_HE_T429_01.czi,1,processed,6,130,9,4,False,none,none,10.0,5.0,24,6,200,True,four_pt
SR1482_40X_HE_T429_02.czi,1,processed,6,130,9,4,False,none,none,10.0,5.0,24,6,200,True,four_pt
SR1482_40X_HE_T430_01.czi,1,processed,6,130,9,4,False,none,none,10.0,5.0,24,6,200,True,four_pt
SR1482_40X_HE_T431_01.czi,1,processed,6,130,9,4,False,none,none,10.0,5.0,24,6,200,True,four_pt
SR1482_40X_HE_T432_01.czi,1,processed,6,130,9,4,False,none,none,10.0,5.0,24,6,200,True,four_pt
SR1482_40X_HE_T432_02.czi,1,processed,6,130,9,4,False,none,none,10.0,5.0,24,6,200,True,four_pt
SR1482_40X_HE_T433_01.czi,1,processed,6,130,9,4,False,none,none,10.0,5.0,24,6,200,True,four_pt
SR1482_40X_HE_T434_01.czi,1,processed,6,130,9,4,False,none,none,10.0,5.0,24,6,200,True,four_pt
